shortnam,longname,logmort0,risk,loggdp,logmortcap250,latitude,africa,asia,neoeuro,edes1975,malfal94,campaign,slave,mortality_per1000,region,gdp_pcap_1995,loggdp_1995,gdp_pcap_2005,loggdp_2005,gdp_pcap_2015,loggdp_2015,gdp_pcap_2023,loggdp_2023,trade_openness,life_expectancy,pop_density,fdi_pct_gdp,school_enrollment_sec,gdp_growth_1995_2005,gdp_growth_1995_2015,gdp_growth_1995_2023,log_trade,log_pop_density,hci,govt_effectiveness,logmortjam,logmortjam250,logmortnaval1,logmortnaval1250,logmortnaval2,logmortnaval2250
DZA,Algeria,4.35927,6.5,8.39,4.35927,0.3111,1.0,0.0,0,0.0,0.0,1,0,78.2,Africa,10588.4433695754,9.267518437194052,13738.495644436,9.527957072477657,15239.5171456469,9.631647145382209,15159.3242373415,9.6263710828296,40.1345741170703,76.475,19.3825602290762,0.455370730483787,105.164131811213,1.1379570724776542,1.2416471453822062,1.2363710828295993,3.692238160267001,2.964373704500768,0.5345564484596252,-0.2511914,4.3592696,4.3592696,4.3592696,4.3592696,4.3592696,4.3592696
AGO,Angola,5.63479,5.36,7.77,5.521461,0.1367,1.0,0.0,0,0.0,0.95,1,0,280.0,Africa,5983.18421691116,8.69670818297305,8895.37660461036,9.093286938114334,11392.9059344932,9.340746154234049,8788.26106439635,9.08117213998137,49.8489506740963,64.805,29.4777460495709,-1.07650107199669,,1.3232869381143342,1.5707461542340475,1.3111721399813696,3.908997446519225,3.383635607463654,0.362405389547348,-0.785190899999999,5.6347895,5.521461,5.6347895,5.521461,5.6347895,5.521461
ARG,Argentina,4.232656,6.39,9.13,4.232656,0.3778,0.0,0.0,0,90.0,0.0,1,0,68.9,Americas/Other,20819.4999479903,9.943645324012625,23262.4075792816,10.054593927993944,28669.2061336796,10.263578868702613,27230.3968496682,10.212089159548686,27.929760849367,77.543,16.6399559321662,1.82409522925391,,0.9245939279939446,1.133578868702612,1.0820891595486852,3.329692817420141,2.811806787082236,0.602144718170166,0.1837479,4.0342407,4.0342407,2.712706,2.712706,3.4177268,3.4177268
AUS,Australia,2.145931,9.32,9.9,2.145931,0.3,0.0,0.0,1,99.0,0.0,0,0,8.5,Neo-Europe,38653.3366778657,10.56238838089384,49997.0664953941,10.819719612597009,55879.9958817103,10.930961739672082,60684.9596204883,11.013451164144977,47.1453811065195,83.0512195121951,3.46591948538875,3.05761029844929,131.931564331055,0.9197196125970084,1.0309617396720814,1.1134511641449745,3.853236042595213,1.2429779611876917,0.770239531993866,1.8090452,2.1459312,2.1459312,2.1459312,2.1459312,2.1459312,2.1459312
BHS,Bahamas,4.442651,7.5,9.29,4.442651,0.2683,0.0,0.0,0,10.0,,0,0,85.0,Americas/Other,30128.1935557246,10.313216675322812,35365.4663980219,10.473491097507598,32777.5849410742,10.397500174814764,35221.2696932313,10.46940543174768,79.2424586933455,74.71,39.9040959040959,1.51932088638775,79.4858750299258,1.1834910975075985,1.1075001748147637,1.179405431747682,4.372512249785948,3.686478972865225,,0.7092986,4.4426513,4.4426513,4.4426513,4.4426513,4.4426513,4.4426513
BGD,Bangladesh,4.268438,5.14,6.88,4.268438,0.2667,0.0,1.0,0,0.0,0.12008,1,0,71.4,Asia,2351.70387946903,7.76289539950595,3231.61370692891,8.080736891126731,5352.71133299566,8.585358502728898,8242.39798977242,9.017046598742208,26.7780758040478,74.93,1319.17979689183,0.283870773350074,64.2997191043961,1.2007368911267315,1.705358502728898,2.1370465987422067,3.2875834857042454,7.184765456461525,0.4640364348888397,-0.618974599999999,4.268438,4.268438,4.268438,4.268438,4.268438,4.268438
BOL,Bolivia,4.26268,5.64,7.93,4.26268,0.1889,0.0,0.0,0,30.000002,0.00165,1,0,71.0,Americas/Other,6914.34189540931,8.841353068985514,8020.63568776794,8.989772960533386,11144.6415727207,9.318714084936794,11616.1575595159,9.3601523009805,46.9778716148403,68.739,11.3026483891812,0.652112801170427,90.5272216796875,1.0597729605333868,1.3887140849367938,1.4301523009804988,3.849676674135548,2.4250370689817675,,-0.6104172,4.0342407,4.0342407,,,4.535284,4.535284
BRA,Brazil,4.26268,7.91,8.73,4.26268,0.1111,0.0,0.0,0,55.0,0.036,1,0,71.0,Americas/Other,13550.4393737243,9.514174251887246,15221.0138281917,9.630432240773551,18357.0690615421,9.817770014260203,19079.8122132253,9.856386102879698,35.5845239386244,76.023,25.2616884857157,3.38960808548439,104.144660949707,0.9004322407735508,1.0877700142602027,1.1263861028796978,3.571910822514336,3.229288958936812,0.5514979362487793,-0.224002999999999,4.0342407,4.0342407,2.712706,2.712706,3.4177268,3.4177268
BFA,Burkina Faso,5.63479,4.45,6.85,5.521461,0.1444,1.0,0.0,0,0.0,0.95,1,0,280.0,Africa,1183.52861008084,7.076255602790146,1664.99543180023,7.417577658747255,2101.70266192027,7.650503086588339,2486.20669812871,7.818513413477029,60.492898852298,61.292,84.1585380116959,-0.874048616893636,29.9905774531085,0.567577658747255,0.8005030865883391,0.9685134134770292,4.102525983805707,4.432702377304481,0.3836919367313385,-0.8748674,5.6347895,5.521461,5.6347895,5.521461,5.6347895,5.521461
CMR,Cameroon,5.63479,6.45,7.5,5.521461,0.0667,1.0,0.0,0,0.0,0.95,1,0,280.0,Africa,3526.54367510339,8.168073541401654,4199.72270969362,8.342773780590425,4698.66677843587,8.455034083295281,4875.25120768005,8.491926911884857,34.4031785915423,63.968,60.0213386642973,1.66655391243674,,0.8427737805904254,0.9550340832952812,0.9919269118848568,3.538148961027578,4.094700143400575,0.3974015116691589,-0.800788699999999,5.6347895,5.521461,5.6347895,5.521461,5.6347895,5.521461
CAN,Canada,2.778819,9.73,9.99,2.778819,0.6667,0.0,0.0,1,98.0,0.0,0,0,16.1,Neo-Europe,41617.7233238779,10.63628139695884,52356.5578038534,10.865832476912717,55660.8675272614,10.927032621147088,57517.4431587432,10.959843540063808,65.1214987304374,82.1080487804878,4.5568841808231,2.77756440541293,,0.8758324769127164,0.937032621147088,0.969843540063808,4.176254736331741,1.5166390962956284,0.797520101070404,1.7591249,2.7788193,2.7788193,2.7788193,2.7788193,2.7788193,2.7788193
CHL,Chile,4.232656,7.82,9.34,4.232656,0.3333,0.0,0.0,0,50.0,0.0,1,0,68.9,Americas/Other,14908.0347974549,9.609655594742849,20918.5275760681,9.94839053214867,27811.3745158617,10.233200371244369,29563.6780243659,10.294301793044696,63.9577465302563,81.359,26.4647249005172,3.97989457086765,105.608551025391,0.60839053214867,0.8932003712443688,0.9543017930446976,4.158222654860026,3.2758127104143298,0.651604175567627,0.964461,4.0342407,4.0342407,2.712706,2.712706,3.4177268,3.4177268
COL,Colombia,4.26268,7.32,8.81,4.26268,0.0444,0.0,0.0,0,25.0,0.14637,1,0,71.0,Americas/Other,11279.0004579347,9.330697909240564,11999.2549591305,9.392599840103552,16821.3801400631,9.730405983672211,18382.9976800475,9.81918147728189,36.3179938785373,77.913,47.1574150518251,3.25416050189283,,0.5825998401035513,0.9204059836722128,1.0091814772818903,3.5923133175858344,3.8534912618646544,0.60433030128479,-0.111099099999999,4.0342407,4.0342407,,,4.535284,4.535284
COG,Congo,5.480639,4.68,7.42,5.480639,0.0111,1.0,0.0,0,0.0,0.95,0,1,240.0,Africa,7701.32468533336,8.949147630101379,7876.11806658285,8.971590430325028,8977.70681641417,9.102499763029446,6172.28776650683,8.727824836911203,93.1881220839752,66.001,18.1050805270864,3.83980276481754,,1.551590430325028,1.6824997630294458,1.3078248369112035,4.534620268118774,2.8961925909893425,0.4192657172679901,-1.110638,5.480639,5.480639,5.480639,5.480639,5.480639,5.480639
CRI,Costa Rica,4.35799,7.05,8.79,4.35799,0.1111,0.0,0.0,0,20.0,0.0,1,0,78.1,Americas/Other,12593.2255061637,9.440914290108571,15703.9624720506,9.661668346247035,21254.7840932049,9.96433728281163,25979.6286150717,10.165067995090531,69.8533786394509,80.996,99.9906972189581,5.58692738273204,121.810760498047,0.871668346247036,1.1743372828116314,1.375067995090534,4.246398454460898,4.605077153850317,0.628635048866272,0.2868974999999999,4.130355,4.130355,,,4.535284,4.535284
CIV,Cote d'Ivoire,6.504288,7.0,7.44,5.521461,0.0889,1.0,0.0,0,0.0,0.95,1,0,668.0,Africa,4638.75732482502,8.442201791425033,4032.24588029846,8.302078790108744,5110.86240809881,8.539123437666095,6520.89886460031,8.782767508087273,51.2649845400983,62.11,98.0052012578616,3.58346670744132,65.3065056618336,0.8620787901087441,1.099123437666095,1.342767508087273,3.9370079565536544,4.585020551322006,0.3798893392086029,-0.3157177,6.504288,5.521461,6.504288,5.521461,6.504288,5.521461
DOM,Dominican Republic,4.867535,6.18,8.36,4.867535,0.2111,0.0,0.0,0,25.0,0.0,0,0,130.0,Americas/Other,8685.01648557062,9.06935457683928,12022.5080544053,9.39453584309589,17973.1870256815,9.796636316622418,23282.4895071054,10.055456833718395,51.7835143952326,73.868,235.098143035751,3.6013993607877,76.3648403372637,1.03453584309589,1.436636316622419,1.6954568337183955,3.947071843693304,5.460003056900415,0.5027669072151184,0.0746487,4.8675346,4.8675346,4.8675346,4.8675346,4.8675346,4.8675346
ECU,Ecuador,4.26268,6.55,8.47,4.26268,0.0222,0.0,0.0,0,30.000002,0.11895,1,0,71.0,Americas/Other,9525.17701832407,9.161693784423164,10660.2046228939,9.27427289292903,13881.5700738105,9.53831734537316,14343.0190134813,9.571018622921258,57.4436448205751,77.579,72.3952448059269,0.360313100049938,,0.8042728929290295,1.0683173453731598,1.1010186229212575,4.050804377124022,4.282140617758532,0.5942548513412476,-0.2196127,4.0342407,4.0342407,,,4.535284,4.535284
EGY,Egypt,4.216562,6.77,7.95,4.216562,0.3,1.0,0.0,0,0.0,0.0,1,0,67.8,Africa,8423.57817499547,9.038789978366736,10700.6090373232,9.278055938206151,13425.9119599775,9.504941847049633,16691.387399222,9.722648140775693,39.6007520873733,71.806,115.059291777588,11.9719351009449,84.8286031306453,1.328055938206151,1.5549418470496308,1.7726481407756909,3.6788481101854735,4.74544757617188,0.4943746626377105,-0.0970579,4.2165623,4.2165623,4.2165623,4.2165623,4.2165623,4.2165623
SLV,El Salvador,4.35799,5.0,7.95,4.35799,0.15,0.0,0.0,0,20.0,0.0,1,0,78.1,Americas/Other,7057.92025248354,8.861905705288347,8050.5345128919,8.993493767325292,9646.15432339854,9.174314599194547,11424.6459176917,9.343528223395206,85.6825726575292,72.302,304.518532818533,3.01317166597907,62.1425847697468,1.043493767325292,1.224314599194547,1.393528223395205,4.450649452037092,5.718731948412918,0.5461766123771667,-0.1831795,4.130355,4.130355,,,4.535284,4.535284
ETH,Ethiopia,3.258097,5.73,6.11,3.258097,0.0889,1.0,0.0,0,0.0,0.551,1,0,26.0,Africa,760.264345021167,6.633666195200462,952.115666295785,6.8586865256209135,1957.41454187301,7.579379770142119,2757.95923634026,7.92224627809183,17.4004358586815,67.603,114.037952012,2.68582028017543,,0.7486865256209132,1.469379770142119,1.8122462780918296,2.856495255256265,4.736531305377428,0.3827848434448242,-0.645991,3.2580965,3.2580965,3.2580965,3.2580965,3.2580965,3.2580965
GAB,Gabon,5.63479,7.82,8.9,5.521461,0.0111,1.0,0.0,0,0.0,0.9405,1,0,280.0,Africa,24344.1857401023,10.100048321358017,20385.2899909742,9.92256884085608,20147.7116202405,9.91084599369186,18701.4227766897,9.83635488426337,92.0468055146014,68.511,9.64329956921644,5.47750591310442,,1.0225688408560796,1.0108459936918592,0.9363548842633698,4.522297203270284,2.266263329022734,0.4576124548912048,-0.5671547,5.6347895,5.521461,5.6347895,5.521461,5.6347895,5.521461
GMB,Gambia,7.293018,8.27,7.27,5.521461,0.1476,1.0,0.0,0,0.0,0.95,1,0,1470.0,Africa,2456.00078113606,7.806289607319124,2653.64239155191,7.883688462615247,2495.95741601525,7.822427668452454,2963.59873325179,7.994159597106788,42.1706172080435,66.057,266.5854743083,9.66186336562045,,0.6136884626152472,0.5524276684524541,0.7241595971067882,3.741723703839255,5.585694921295132,0.4215706288814544,-0.5358243,7.293018,5.521461,7.293018,5.521461,7.293018,5.521461
GHA,Ghana,6.504288,6.27,7.37,5.521461,0.0889,1.0,0.0,0,0.0,0.95,1,0,668.0,Africa,3039.68873031674,8.019510397814738,3721.30785741996,8.22183046005459,5607.36635657413,8.631836433132044,6808.53775165029,8.825932655331558,68.9668717609486,65.695,148.49676310689,2.11980137105215,75.7174682617188,0.8518304600545905,1.2618364331320435,1.4559326553315577,4.23362626989649,5.000563160745191,0.4500564038753509,0.0595795999999999,6.504288,5.521461,6.504288,5.521461,6.504288,5.521461
GTM,Guatemala,4.26268,5.14,8.29,4.26268,0.17,0.0,0.0,0,20.0,0.0036,1,0,71.0,Americas/Other,8195.34591091977,9.011321700283425,9099.72328845701,9.115999284180743,10785.9584615777,9.28600042474732,12384.948508094,9.424237184312394,47.3052981448815,72.746,169.138092571855,1.63228788754296,49.5765804970836,0.825999284180746,0.9960004247473222,1.1342371843123953,3.856622300744759,5.130715497075489,0.4612700939178467,-0.9093696,4.0342407,4.0342407,,,4.535284,4.535284
GIN,Guinea,6.180016,6.55,7.49,5.521461,0.1222,1.0,0.0,0,0.0,0.95,1,0,483.0,Africa,2171.72552153265,7.683277301766574,2501.22160456279,7.824534533334869,2869.85157178732,7.962015590269014,3904.82395527998,8.269967979383043,97.7778177313259,60.904,58.6255412664822,5.60537419672253,,0.3345345333348684,0.4720155902690139,0.7799679793830432,4.582697738751782,4.071170459414351,0.37094247341156,-0.8881627,6.1800165,5.521461,6.1800165,5.521461,6.1800165,5.521461
GUY,Guyana,3.471345,5.89,7.9,3.471345,0.0556,0.0,0.0,0,2.0,0.49503,0,0,32.2,Americas/Other,7071.21280005947,8.86378728591303,8256.52519071138,9.01875909891412,12040.08253302,9.39599657374131,49312.3603225444,10.805930045088289,,70.319,3.91376811594203,34.9900654897849,91.4304496450171,1.1187590989141185,1.4959965737413103,2.9059300450882866,,1.364500622441641,0.4952264726161957,-0.0982402,3.4713452,3.4713452,3.4713452,3.4713452,3.4713452,3.4713452
HTI,Haiti,4.867535,3.73,7.15,4.867535,0.2111,0.0,0.0,0,0.0,1.0,0,0,130.0,Americas/Other,3167.91307649838,8.060828314583892,3173.26081032717,8.06251498496765,3433.07529240973,8.141211725174584,2965.94622340134,7.9949513915157535,18.6547617785224,65.119,422.256821480406,0.0824597396111034,,0.9125149849676504,0.9912117251745832,0.8449513915157532,2.9261014367455607,6.045613710632387,0.4465649127960205,-2.0156868,4.8675346,4.8675346,4.8675346,4.8675346,4.8675346,4.8675346
HND,Honduras,4.35799,5.32,7.69,4.35799,0.1667,0.0,0.0,0,20.0,0.012,1,0,78.1,Americas/Other,2555.02622819382,7.84581776802301,5056.67544412551,8.528464519492113,5812.5348879105,8.66777205209876,6467.8800352783,8.774603673103579,91.6694117874122,73.044,95.1367503798373,1.29157460831069,51.7639813154374,0.8384645194921125,0.9777720520987598,1.0846036731035786,4.518188755321836,4.555315334228212,0.4810231328010559,-0.6196728,4.130355,4.130355,,,4.535284,4.535284
HKG,Hong Kong,2.701361,8.14,10.05,2.701361,0.2461,0.0,1.0,0,0.0,0.0,0,0,14.9,Asia,37905.6509352086,10.542855481148878,47938.8998017111,10.77768255824049,62779.7484353718,11.047387823305591,64434.5576690871,11.07340537793734,359.390663042179,85.3926829268293,7177.2380952381,30.8106332188954,107.160326941213,0.72768255824049,0.9973878233055924,1.0234053779373404,5.884409994719222,8.878669921637792,0.8127565383911133,1.6374532,2.7013612,2.7013612,2.7013612,2.7013612,2.7013612,2.7013612
IND,India,3.884241,8.27,7.33,3.884241,0.2222,0.0,1.0,0,0.0,0.23596,0,0,48.6,Asia,2542.42211133345,7.840872492776355,3881.9661798273,8.264097051642397,6488.14602910787,8.777732103110989,9301.75603225735,9.1379584819898,45.9166907678748,72.235,483.679010086809,0.721648483526777,78.1058073224606,0.9340970516423964,1.4477321031109884,1.8079584819898,3.826828684254972,6.1814214844007225,0.493510901927948,0.4046051,3.8842406,3.8842406,3.8842406,3.8842406,3.8842406,3.8842406
IDN,Indonesia,5.135798,7.59,7.33,5.135798,0.0556,0.0,1.0,0,0.0,0.17873,1,0,170.0,Asia,6312.93453561158,8.750355908539042,7140.8545640704,8.873587735016326,10893.6621142169,9.295936441694025,13889.9749067297,9.538922629175822,42.809937870822,71.288,148.57692229227,1.73855290316368,98.836444459078,1.5435877350163256,1.9659364416940228,2.208922629175822,3.7567702688785767,5.001102819363676,0.5400384664535522,0.179804,5.1357985,5.1357985,5.1357985,5.1357985,5.1357985,5.1357985
JAM,Jamaica,4.867535,7.09,8.19,4.867535,0.2017,0.0,0.0,0,10.0,0.0,0,0,130.0,Americas/Other,10257.8065381959,9.235794308168709,10278.6834382546,9.237827460598773,9931.89875715182,9.203506952974797,11398.8120394641,9.3412644218881,,71.606,262.214773776547,1.38581611857042,84.4572372436523,1.0478274605987714,1.0135069529747955,1.1512644218881007,,5.569163915190565,0.534977912902832,0.1712622,4.8675346,4.8675346,4.8675346,4.8675346,4.8675346,4.8675346
KEN,Kenya,4.976734,6.05,7.06,4.976734,0.0111,1.0,0.0,0,0.0,0.798,0,1,145.0,Africa,3890.0985511465,8.26618977077654,3844.73557120578,8.254460107456701,4679.62182831938,8.450972579732056,5691.82513474417,8.646786237505259,40.0062529666939,63.834,95.2681371231706,0.384924569449646,,1.1944601074567016,1.390972579732057,1.586786237505259,3.689035766063935,4.556695411871279,0.5467525124549866,-0.2978904,4.9767337,4.9767337,4.9767337,4.9767337,4.9767337,4.9767337
MDG,Madagascar,6.284209,4.45,6.84,5.521461,0.2222,1.0,0.0,0,0.0,0.95,1,0,536.0,Africa,1661.27062467061,7.415338025101996,1648.17631554009,7.407424692331659,1627.5806134224,7.394849904912826,1629.46097248642,7.396004547384119,57.5370213293734,63.835,53.6196837401169,3.44577112659577,,0.5674246923316595,0.5548499049128264,0.5560045473841191,4.052428589827823,3.981916234620275,0.3919910192489624,-0.8631928,6.284209,5.521461,6.284209,5.521461,6.284209,5.521461
MYS,Malaysia,2.873565,7.95,8.89,2.873565,0.0256,0.0,1.0,0,0.0,0.23331,0,0,17.7,Asia,16568.5160590209,9.715259550527374,20767.5857243346,9.941148671516654,27699.6278860387,10.229174258368182,32857.6676600774,10.399940410985687,137.362571161559,76.821,106.913096941105,3.6930953933026,80.2757406864183,1.0511486715166534,1.3391742583681818,1.5099404109856884,4.922623934829576,4.6720163263460535,0.6109761595726013,0.9147725,2.8735647,2.8735647,2.8735647,2.8735647,2.8735647,2.8735647
MLI,Mali,7.986165,4.0,6.57,5.521461,0.1889,1.0,0.0,0,0.0,0.9405,1,0,2940.0,Africa,2022.4037826787,7.61204207434176,2546.33281406377,7.842409490944876,2686.56065074588,7.896017086033853,2860.42819002278,7.958726609398639,49.7664846904175,60.675,19.4798572353486,3.44170555566452,,1.2724094909448755,1.3260170860338532,1.3887266093986392,3.907341759281284,2.969380969406661,0.3182695806026459,-1.2871409,7.986165,5.521461,7.986165,5.521461,7.986165,5.521461
MLT,Malta,2.791165,7.23,9.43,2.791165,0.3944,0.0,0.0,0,100.0,,0,0,16.3,Americas/Other,22310.9631982103,10.012833459879229,32775.7490182242,10.397444161710942,46170.1721772127,10.740089244695136,60418.3949311068,11.009048889395926,217.730272683658,82.9560975609756,1727.334375,170.053519530959,,0.967444161710942,1.3100892446951369,1.579048889395926,5.3832570154570405,7.454334675502779,0.7092483043670654,0.6224959999999999,2.791165,2.791165,2.791165,2.791165,2.791165,2.791165
MEX,Mexico,4.26268,7.5,8.94,4.26268,0.2556,0.0,0.0,0,15.000001,0.00042,1,0,71.0,Americas/Other,17028.1215003697,9.742621462250852,20277.2552818503,9.91725510741404,21408.9283201493,9.971563325223473,21917.24858366,9.995029212365123,75.4259015415068,75.264,66.7402757272564,2.48429388161511,103.093322753906,0.97725510741404,1.0315633252234715,1.055029212365124,4.323150737794464,4.200808604679039,0.6129498481750488,-0.2199329,4.26268,4.26268,4.26268,4.26268,4.26268,4.26268
MAR,Morocco,4.35927,7.09,8.04,4.35927,0.3556,1.0,0.0,0,1.0,0.0,1,0,78.2,Africa,4444.228515625,8.39936157059524,6103.42236328125,8.71660493599639,8198.80859375,9.011744129251108,8915.3515625,9.095529964460814,92.1872446062404,75.493,84.5003473000224,1.08850441035779,89.9834863018408,0.6766049359963908,0.9717441292511086,1.0555299644608152,4.523821776157316,4.436755644414118,0.5041163563728333,0.1763558999999999,4.3592696,4.3592696,4.3592696,4.3592696,4.3592696,4.3592696
NZL,New Zealand,2.145931,9.73,9.76,2.145931,0.4556,0.0,0.0,1,91.7,0.0,0,0,8.5,Neo-Europe,32584.6549851439,10.391596750560783,40848.2981387428,10.61762043819001,44963.8339159182,10.713613754862523,49508.2697230172,10.809894999714418,50.6607664427853,82.009756097561,19.7485853176864,0.672983751329456,114.231056213379,0.8576204381900094,0.9536137548625234,1.049894999714418,3.925151773609999,2.983081859297384,0.7759324312210083,1.8491848,2.1459312,2.1459312,2.1459312,2.1459312,2.1459312,2.1459312
NIC,Nicaragua,5.095589,5.23,7.54,5.095589,0.1444,0.0,0.0,0,20.0,0.044,1,0,163.3,Americas/Other,4130.28612675871,8.326101963642179,5356.95850970538,8.586151650789436,6939.03286207731,8.844917686740375,7496.5292687685,8.92219542825182,99.146065089948,75.1,56.702783779292,6.86575238184716,,1.0461516507894355,1.3049176867403751,1.38219542825182,4.596594167743058,4.037823306165049,0.5080982446670532,-1.0529768,4.8675346,4.8675346,,,4.535284,4.535284
NER,Niger,5.991465,5.0,6.73,5.521461,0.1778,1.0,0.0,0,0.0,0.9405,1,0,400.0,Africa,1280.3354211914,7.154877370390915,1233.87551052205,7.117915316493047,1471.66135329224,7.294147213916484,1689.56425367067,7.4322259366064785,24.388946208843,61.433,20.6519831057077,1.81493836603542,19.8664761204349,0.3879153164930464,0.5641472139164838,0.702225936606478,3.194130005424933,3.0278113489707628,0.3156851828098297,-0.7696662,5.9914646,5.521461,5.9914646,5.521461,5.9914646,5.521461
NGA,Nigeria,7.6029,5.55,6.81,5.521461,0.1111,1.0,0.0,0,0.0,0.95,1,0,2004.0,Africa,4797.51152154868,8.475852629452433,6496.93228200091,8.779085387861906,8892.05798706748,9.092913796325472,7843.83461990405,8.967483103450942,,54.635,250.20910328623,0.639824358730627,,1.9690853878619068,2.282913796325473,2.157483103450942,,5.522296981408617,0.3606098294258117,-1.0065889,7.6029005,5.521461,7.6029005,5.521461,7.6029005,5.521461
PAK,Pakistan,3.610648,6.05,7.35,3.610648,0.3333,0.0,1.0,0,0.0,0.53757,1,0,37.0,Asia,3462.47336165841,8.149738457082147,4042.15457513378,8.304533139472277,4645.28631071145,8.443608287822306,5418.7693189297,8.597624005722903,27.5653309105795,67.799,321.067474833956,0.716885239403099,48.2805022055997,0.9545331394722768,1.093608287822306,1.247624005722903,3.316558856706739,5.771651303015617,0.4060700237751007,-0.6003273,3.6106477,3.6106477,3.6106477,3.6106477,3.6106477,3.6106477
PAN,Panama,5.095589,5.91,8.84,5.095589,0.1,0.0,0.0,0,20.0,0.08004,1,0,163.3,Americas/Other,12086.6434128166,9.399856271713062,16867.960935567,9.73317129897374,29933.1555965973,10.30672202785168,35872.9506479276,10.487738826633796,83.6737788620216,79.775,60.1072930709086,2.41063281860388,,0.8931712989737406,1.466722027851679,1.6477388266337964,4.426925653169826,4.096131183112563,0.5016019940376282,0.2451471999999999,4.8675346,4.8675346,2.712706,2.712706,3.4177268,3.4177268
PRY,Paraguay,4.35799,6.95,8.21,4.35799,0.2556,0.0,0.0,0,25.0,0.0,1,0,78.1,Americas/Other,10908.2726627911,9.297276740241912,10290.100822296,9.238937626865226,14427.6002349811,9.57689833405578,15826.087501295,9.669414965112214,77.0944384539197,73.982,17.282671943072,2.45295029321833,79.1305613911018,1.0289376268652255,1.3668983340557777,1.459414965112213,4.345031143777082,2.849704377757676,0.5281800627708435,-0.3545101,4.130355,4.130355,,,4.535284,4.535284
PER,Peru,4.26268,5.77,8.4,4.26268,0.1111,0.0,0.0,0,30.000002,0.0005,1,0,71.0,Americas/Other,7372.04245454078,8.905450077663634,8949.95442691077,9.09940371929066,14542.7930911313,9.584850829690906,15327.5819994558,9.637409229448387,51.6811479870417,77.941,26.44188828125,2.29780708272736,108.289047241211,0.6994037192906593,1.1848508296909053,1.2374092294483887,3.945093072599183,3.274949430029815,0.6051926612854004,-0.2004128,4.0342407,4.0342407,2.712706,2.712706,3.4177268,3.4177268
SEN,Senegal,5.103883,6.0,7.4,5.103883,0.1556,1.0,0.0,0,0.0,0.95,0,0,164.7,Africa,2835.03272874496,7.949808760626065,3301.82076160815,8.102229341240609,3593.79477120389,8.186963962542185,4304.76148720232,8.367477011657378,68.2363510312865,68.924,93.8948371682335,6.26804204995863,,0.7022293412406082,0.7869639625421847,0.967477011657378,4.22297742917585,4.542175402468704,0.4201107919216156,0.2344127,5.103883,5.103883,5.103883,5.103883,5.103883,5.103883
SLE,Sierra Leone,6.180016,5.82,6.25,5.521461,0.0922,1.0,0.0,0,0.0,0.95,1,0,483.0,Africa,2058.07683318146,7.629527249604517,2296.65767887048,7.739210161922857,2628.17058146385,7.874043286730807,3034.94608285625,8.017948938214298,40.5454450723139,61.964,117.214075921308,1.74699628470852,,1.4892101619228573,1.6240432867308074,1.767948938214298,3.702423445579184,4.764001971648924,0.3627021014690399,-0.9671017,6.1800165,5.521461,6.1800165,5.521461,6.1800165,5.521461
SGP,Singapore,2.873565,9.32,10.15,2.873565,0.0136,0.0,1.0,0,0.0,0.0,0,0,17.7,Asia,59483.6383121123,10.993456567366987,81841.1587801054,11.312535559617466,108953.724294287,11.598678523306532,129555.245509242,11.771862675400127,313.299377202408,83.3463414634146,8241.8495821727,23.5787255966584,,1.1625355596174654,1.4486785233065316,1.621862675400127,5.747159210092806,9.016980061571186,0.879125714302063,2.2796267,2.8735647,2.8735647,2.8735647,2.8735647,2.8735647,2.8735647
ZAF,South Africa,2.74084,6.86,8.89,2.74084,0.3222,1.0,0.0,0,16.0,0.1045,0,0,15.5,Africa,10318.8385984353,9.241726493791267,12861.5633089114,9.461998554082305,14541.6748613669,9.584773934368854,13695.3755694076,9.524813505155224,61.646770473025,66.312,52.1085690262058,0.580891709673066,,0.5719985540823025,0.6947739343688539,0.634813505155222,4.121420843372444,3.9533294079070704,0.4254533946514129,-0.2259135,2.74084,2.74084,2.74084,2.74084,2.74084,2.74084
LKA,Sri Lanka,4.245634,6.05,7.73,4.245634,0.0778,0.0,1.0,0,0.0,0.138,0,0,69.8,Asia,5523.31225393965,8.616733005319082,7452.74234124518,8.916337343137604,13329.7793438947,9.497755859689512,13024.9404319855,9.474621293251072,42.1196098331113,77.672,356.239896540576,0.764077754153862,,1.1863373431376036,1.7677558596895118,1.7446212932510718,3.740513424001392,5.875604370592835,0.5983242988586426,-0.2745215,4.245634,4.245634,4.245634,4.245634,4.245634,4.245634
SDN,Sudan,4.479607,4.0,7.31,4.479607,0.1667,1.0,0.0,0,0.0,0.931,1,0,88.2,Africa,2824.63208007813,7.946133397958463,4152.32275390625,8.331423156387713,4159.1943359375,8.333076665253206,2181.0791015625,7.687575034027438,1.99541210225008,66.521,26.7895026766595,,,1.021423156387713,1.023076665253206,0.377575034027438,0.690850596553589,3.288010119616366,0.3774451911449432,-1.79393619999999,4.479607,4.479607,4.479607,4.479607,4.479607,4.479607
TZA,Tanzania,4.976734,6.64,6.25,4.976734,0.0667,1.0,0.0,0,0.0,0.9215,0,1,145.0,Africa,1685.85107421875,7.430025803829294,2253.09326171875,7.720059334035682,3111.44458007813,8.04284239253075,3620.79345703125,8.194448467827057,41.3081068648568,67.212,75.2061481146986,2.16767805172059,,1.4700593340356818,1.7928423925307495,1.9444484678270568,3.721058772831491,4.320232984458282,0.3898347020149231,-0.2924507,4.9767337,4.9767337,4.9767337,4.9767337,4.9767337,4.9767337
TGO,Togo,6.504288,6.91,7.22,5.521461,0.0889,1.0,0.0,0,0.0,0.95,1,0,668.0,Africa,2036.38159822696,7.618929785563742,2004.25858232153,7.603029486975277,2388.42609861568,7.77838989185132,2842.23076240747,7.952344502548442,,62.935,151.201507630079,0.786914262545951,,0.3830294869752775,0.5583898918513199,0.7323445025484423,,5.018613434794128,0.4318680465221405,-0.8014589,6.504288,5.521461,6.504288,5.521461,6.504288,5.521461
TTO,Trinidad and Tobago,4.442651,7.45,8.77,4.442651,0.1222,0.0,0.0,0,40.0,0.0,0,0,85.0,Americas/Other,13912.3133299045,9.540529578056551,29536.4394101096,10.29338001429476,38963.9641783011,10.57039250253669,31196.603554718,10.348064507446145,,73.617,266.571150097466,-1.76782828873977,95.6815649255588,1.5233800142947604,1.80039250253669,1.5780645074461432,,5.585641187700981,0.6034877300262451,0.1112932,4.4426513,4.4426513,4.4426513,4.4426513,4.4426513,4.4426513
TUN,Tunisia,4.143135,6.45,8.48,4.143135,0.3778,1.0,0.0,0,0.0,0.0,1,0,63.0,Africa,7406.23900930842,8.910078033341206,10529.1598956845,9.261903819958992,12802.7917211433,9.45741852934098,12650.9615158166,9.44548850042258,106.298549204247,76.711,78.530065653965,1.47747574805229,,0.7819038199589912,0.97741852934098,0.9654885004225786,4.666251637129149,4.363481553423172,0.5168099403381348,-0.2393469,4.1431346,4.1431346,4.1431346,4.1431346,4.1431346,4.1431346
USA,USA,2.70805,10.0,10.22,2.70805,0.4222,0.0,0.0,1,83.600006,0.0,0,0,15.0,Neo-Europe,47220.9579604358,10.762593097609406,59604.7536374577,10.995490608890606,64359.4725899466,11.072239406385773,74158.7164155605,11.213962891777657,25.0160172978284,78.890243902439,36.8142112202129,1.01391858895004,,0.7754906088906051,0.8522394063857721,0.9939628917776542,3.219516311625896,3.605883945091026,0.7017643451690674,1.3599787,2.7080503,2.7080503,2.7080503,2.7080503,2.7080503,2.7080503
UGA,Uganda,5.63479,4.45,6.97,5.521461,0.0111,1.0,0.0,0,0.0,0.95,1,0,280.0,Africa,1288.50886674348,7.161240911514983,1765.03788457066,7.475927433483024,2520.0201028843,7.83202215780869,2791.05576885861,7.934175215013012,42.6527889088562,68.487,242.65210951526,6.04170465908871,,0.5059274334830244,0.8620221578086902,0.9641752150130118,3.753092662394335,5.491628769467917,0.3841765820980072,-0.3501362,5.6347895,5.521461,5.6347895,5.521461,5.6347895,5.521461
URY,Uruguay,4.26268,7.0,9.03,4.26268,0.3667,0.0,0.0,0,90.0,0.0,1,0,71.0,Americas/Other,16600.0391885928,9.71716033510045,18811.3195971021,9.842214073853649,28941.6294107011,10.273036301665517,31059.2537072459,10.343652068958956,51.4582237554765,78.287,19.3582504856588,-4.78198682520397,,0.8122140738536494,1.2430363016655177,1.313652068958957,3.940770289263635,2.963118710288743,0.5987602472305298,0.6904798999999999,4.0342407,4.0342407,,,4.535284,4.535284
VEN,Venezuela,4.35799,7.14,9.07,4.35799,0.0889,0.0,0.0,0,20.0,0.00704,1,0,78.1,Americas/Other,,,,,,,,,26.2373885733766,72.673,32.0853171588912,1.35409801107577,97.7908172607422,,,,3.267185438291677,3.468398516112052,,-1.46624969999999,4.130355,4.130355,,,4.535284,4.535284
VNM,Vietnam,4.941642,6.41,7.28,4.941642,0.1778,0.0,1.0,0,0.0,0.7011,1,0,140.0,Asia,3328.21486039558,8.110191361274042,5776.36304451268,8.66152953256431,9248.02396069622,9.132165181814536,13545.9346616752,9.513841756322732,173.885260216071,74.736,320.175197572656,4.23450755062236,,1.3815295325643104,1.852165181814536,2.2338417563227315,5.158395657653296,5.768868338389031,0.6899645328521729,-0.0922968,4.9416423,4.9416423,4.9416423,4.9416423,4.9416423,4.9416423
ZAR,Zaire,5.480639,3.5,6.87,5.480639,0.0,1.0,0.0,0,0.0,0.95,0,1,240.0,Africa,1362.1877957229,7.216847359526811,1016.6338907666,6.924252341823443,1433.21579814709,7.267676008358526,1559.33806475859,7.352016692733012,94.2484870645646,62.074,46.6640484329856,3.84997694352814,,0.0542523418234432,0.397676008358526,0.482016692733012,4.545934773833917,3.8429740273597983,0.3663692772388458,-1.6934449,5.480639,5.480639,5.480639,5.480639,5.480639,5.480639
